[
  {
    "registerNumber": "2403917762221001",
    "skillRackURL": "http://www.skillrack.com/profile/512627/e01f848cd84e199f340a353045d4012ee5f7510c",
    "email": "afraaz@student.tce.edu"
  },
  {
    "registerNumber": "2403917762221002",
    "skillRackURL": "http://www.skillrack.com/profile/512628/Arjunanarun",
    "email": "arunperiasamy143@gmail.com"
  },
  {
    "registerNumber": "2403917762221003",
    "skillRackURL": "http://www.skillrack.com/profile/512629/32506ce54665265c3a7315b2ad0c145396b1812b",
    "email": "gowtham011102@gmail.com"
  },
  {
    "registerNumber": "2403917762221004",
    "skillRackURL": "http://www.skillrack.com/profile/512630/894b275782d485b765687bb24d2aa0f7185e2749",
    "email": "kesavaboopathy1607@gmail.com"
  },
  {
    "registerNumber": "2403917762221005",
    "skillRackURL": "https://www.skillrack.com/faces/resume.xhtml?id=512631&key=a18e98c28600f69658770749f949bbffa8dbe05b",
    "email": "lokeshkumar@student.tce.edu"
  },
  {
    "registerNumber": "2403917762221006",
    "skillRackURL": "http://www.skillrack.com/profile/512632/55169b8095ea8be4be911965b0431bb7ca4512e2",
    "email": "murs4002@gmail.com"
  },
  {
    "registerNumber": "2403917762221008",
    "skillRackURL": "https://www.skillrack.com/faces/resume.xhtml?id=512634&key=muthukrishnan-mca-tce-2024-2026",
    "email": "muthuabi292@gmail.com"
  },
  {
    "registerNumber": "2403917762221009",
    "skillRackURL": "https://www.skillrack.com/faces/resume.xhtml?id=512635&key=ramkumarg",
    "email": "ramkumarg@student.tce.edu"
  },
  {
    "registerNumber": "2403917762221010",
    "skillRackURL": "http://www.skillrack.com/profile/512636/cacacab10ade9ac9986d12a6c4abeb26a2fd271a",
    "email": "sabareeswaran265@gmail.com"
  },
  {
    "registerNumber": "2403917762221011",
    "skillRackURL": "http://www.skillrack.com/profile/512637/b1c18905e519bbab39db6b523e09e2a7caeb3b50",
    "email": "vsakthivel@student.tce.edu"
  },
  {
    "registerNumber": "2403917762221012",
    "skillRackURL": "http://www.skillrack.com/profile/512638/94e6b092332b68961144210cc4e72bb0c2757444",
    "email": "santhoshmp@student.tce.edu"
  },
  {
    "registerNumber": "2403917762221013",
    "skillRackURL": "https://www.skillrack.com/faces/resume.xhtml?id=512639&key=dbad3da8a2ad4c27758058a2ac96b880677b39a4",
    "email": "sharanwrk14@gmail.com"
  },
  {
    "registerNumber": "2403917762221014",
    "skillRackURL": "http://www.skillrack.com/profile/512640/fc83b53bf5e7ade1aab8cbf68c12092c82a2457f",
    "email": "solairaja@student.tce.edu"
  },
  {
    "registerNumber": "2403917762221015",
    "skillRackURL": "http://www.skillrack.com/profile/512641/2eb8f624342efdbbeabd3a98f13bd607cca6e4d2",
    "email": "sathishboost3@gmail.com"
  },
  {
    "registerNumber": "2403917762221016",
    "skillRackURL": "http://www.skillrack.com/profile/512642/f35d8bf3e395a92e3b9fa420b1b655078043682d",
    "email": "ryogeshwaran@student.tce.edu"
  },
  {
    "registerNumber": "2403917762222017",
    "skillRackURL": "http://www.skillrack.com/profile/512643/daa8603b78d92f9dba2c1fbcbec5186bff47ec89",
    "email": "aashifasyed0110@gmail.com"
  },
  {
    "registerNumber": "2403917762222018",
    "skillRackURL": "https://www.skillrack.com/faces/resume.xhtml?id=512644&key=0b8a0002bccb991cffa47f51c16ce2a6841a91b9",
    "email": "bhavapriya@student.tce.edu"
  },
  {
    "registerNumber": "2403917762222019",
    "skillRackURL": "http://www.skillrack.com/profile/512645/ac6da44ee2fe786cc87fb2d13c5b5518ec5e0e0b",
    "email": "priyadharshini03.suresh@gmail.com"
  },
  {
    "registerNumber": "2403917762222020",
    "skillRackURL": "http://www.skillrack.com/profile/512646/8e806f58ee163571e7f4411090fad63b91a57d6c",
    "email": "esabi2003@gmail.com"
  },
  {
    "registerNumber": "2403917762222021",
    "skillRackURL": "http://www.skillrack.com/profile/512647/a4f3253bb8b92c7fb856002ec94039104dde9b58",
    "email": "lipiga@student.tce.edu"
  },
  {
    "registerNumber": "2403917762222022",
    "skillRackURL": "http://www.skillrack.com/profile/512648/9b1495c1f61405bb9a1a58acbd1a69f1bfe91247",
    "email": "madhumithaass@student.tce.edu"
  },
  {
    "registerNumber": "2403917762222023",
    "skillRackURL": "https://www.skillrack.com/faces/resume.xhtml?id=512649&key=5d2e6356192da4c3914ff705a8ded372605962fe",
    "email": "mathivijaya04@gmail.com"
  },
  {
    "registerNumber": "2403917762222024",
    "skillRackURL": "http://www.skillrack.com/profile/512650/6c75a325501b4d594a7302c978d69f3387cb913d",
    "email": "muthumeenam57@gmail.com"
  },
  {
    "registerNumber": "2403917762222025",
    "skillRackURL": "http://www.skillrack.com/profile/512651/a7b15fc327075b272a45796ba544cf19ad7c0b7f",
    "email": "neelas1424@gmail.com"
  },
  {
    "registerNumber": "2403917762222026",
    "skillRackURL": "http://www.skillrack.com/profile/512652/04084a57cc2e5a13afcabdf39843efab88bad1c9",
    "email": "ramanimaheswari02@gmail.com"
  },
  {
    "registerNumber": "2403917762222027",
    "skillRackURL": "http://www.skillrack.com/profile/512653/3436f71e2519f7a26b946c0fdb1d055bec6fd575",
    "email": "swethaswe259@gmail.com"
  },
  {
    "registerNumber": "2403917762222028",
    "skillRackURL": "http://www.skillrack.com/profile/512654/5b6e5e604c56a03e0e4d89ef621a7a58213ff728",
    "email": "sowmyagracy@gmail.com"
  }
]